page_url,file_url,file_name,anchor_text,type,associated_product
https://www.al-enterprise.com/en/products/switches/omniswitch-6900,https://www.al-enterprise.com/-/media/assets/internet/documents/omniswitch-6900-datasheet-en.pdf,omniswitch-6900-datasheet-en.pdf,OmniSwitch 6900 Stackable LAN Switches,Datasheet,OmniSwitch 6900
https://www.al-enterprise.com/en/products/switches/omniswitch-6900,https://www.al-enterprise.com/-/media/assets/internet/documents/product-omniswitch-matrix-comparison-en.pdf,product-omniswitch-matrix-comparison-en.pdf,OmniSwitch Product Line Matrix Comparison,Product Matrix,OmniSwitch 6900
https://www.al-enterprise.com/en/products/switches/omniswitch-6900,https://www.al-enterprise.com/-/media/assets/internet/documents/spb-video-surveillance-brochure-en.pdf,spb-video-surveillance-brochure-en.pdf,ALE Video Surveillance Solution,Brochure,OmniSwitch 6900
https://www.al-enterprise.com/en/products/switches/omniswitch-6900,https://www.al-enterprise.com/-/media/assets/internet/documents/ifab-visibility-control-for-network-overlays-appnote-en.pdf,ifab-visibility-control-for-network-overlays-appnote-en.pdf,Intelligent Fabric visibility and control for network overlays,Application Note,OmniSwitch 6900
https://www.al-enterprise.com/en/products/switches/omniswitch-6900,https://www.al-enterprise.com/-/media/assets/internet/documents/spb-based-video-surveillance-network-whitepaper-en.pdf,spb-based-video-surveillance-network-whitepaper-en.pdf,SPB for Mission-critical Video Surveillance Networks,White Paper,OmniSwitch 6900
https://www.al-enterprise.com/en/products/switches/omniswitch-6920,https://www.al-enterprise.com/-/media/assets/internet/documents/ale-portfolio-foldout-interactive-flyer-en.pdf,ale-portfolio-foldout-interactive-flyer-en.pdf,"Portfolio overview, Cloud, Comms and Networks - interactive",Flyer,OmniSwitch 6920
https://www.al-enterprise.com/en/products/switches/omniswitch-6920,https://www.al-enterprise.com/-/media/assets/internet/documents/omniswitch-6920-datasheet-en.pdf,omniswitch-6920-datasheet-en.pdf,OmniSwitch 6920,Datasheet,OmniSwitch 6920
https://www.al-enterprise.com/en/products/switches/omniswitch-6920,https://www.al-enterprise.com/-/media/assets/internet/documents/product-omniswitch-matrix-comparison-en.pdf,product-omniswitch-matrix-comparison-en.pdf,OmniSwitch Product Line Matrix Comparison,Product Matrix,OmniSwitch 6920
https://www.al-enterprise.com/en/products/switches/omniswitch-9900,https://www.al-enterprise.com/-/media/assets/internet/documents/omniswitch-9900-modular-lan-chassis-datasheet-en.pdf,omniswitch-9900-modular-lan-chassis-datasheet-en.pdf,OmniSwitch 9900 Modular LAN chassis,Datasheet,OmniSwitch 9900
https://www.al-enterprise.com/en/products/switches/omniswitch-9900,https://www.al-enterprise.com/-/media/assets/internet/documents/product-omniswitch-matrix-comparison-en.pdf,product-omniswitch-matrix-comparison-en.pdf,OmniSwitch Product Line Matrix Comparison,Product Matrix,OmniSwitch 9900
https://www.al-enterprise.com/en/products/switches/omniswitch-9900,https://www.al-enterprise.com/-/media/assets/internet/documents/spb-video-surveillance-brochure-en.pdf,spb-video-surveillance-brochure-en.pdf,ALE Video Surveillance Solution,Brochure,OmniSwitch 9900
https://www.al-enterprise.com/en/products/switches/omniswitch-9900,https://www.al-enterprise.com/-/media/assets/internet/documents/spb-based-video-surveillance-network-whitepaper-en.pdf,spb-based-video-surveillance-network-whitepaper-en.pdf,SPB for Mission-critical Video Surveillance Networks,White Paper,OmniSwitch 9900
https://www.al-enterprise.com/en/products/switches/omniswitch-6360,https://www.al-enterprise.com/-/media/assets/internet/documents/omniswitch-6360-datasheet-en.pdf,omniswitch-6360-datasheet-en.pdf,OmniSwitch 6360 Stackable Gigabit Ethernet LAN Switch Family,Datasheet,OmniSwitch 6360
https://www.al-enterprise.com/en/products/switches/omniswitch-6360,https://www.al-enterprise.com/-/media/assets/internet/documents/omniswitch-lightning-config-brochure-en.pdf,omniswitch-lightning-config-brochure-en.pdf,OmniSwitch deployment made easy,Brochure,OmniSwitch 6360
https://www.al-enterprise.com/en/products/switches/omniswitch-6360,https://www.al-enterprise.com/-/media/assets/internet/documents/product-omniswitch-matrix-comparison-en.pdf,product-omniswitch-matrix-comparison-en.pdf,OmniSwitch Product Line Matrix Comparison,Product Matrix,OmniSwitch 6360
https://www.al-enterprise.com/en/products/switches/omniswitch-6560,https://www.al-enterprise.com/-/media/assets/internet/documents/omniswitch-6560-6560e-datasheet-en.pdf,omniswitch-6560-6560e-datasheet-en.pdf,OmniSwitch 6560/E,Datasheet,"OmniSwitch 6560(E)"
https://www.al-enterprise.com/en/products/switches/omniswitch-6560,https://www.al-enterprise.com/-/media/assets/internet/documents/network-infrasctructure-solution-security-tech-brief-en.pdf,network-infrasctructure-solution-security-tech-brief-en.pdf,Network Infrastructure Solutions: Security Best Practices,Tech Brief,"OmniSwitch 6560(E)"
https://www.al-enterprise.com/en/products/switches/omniswitch-6560,https://www.al-enterprise.com/-/media/assets/internet/documents/product-omniswitch-matrix-comparison-en.pdf,product-omniswitch-matrix-comparison-en.pdf,OmniSwitch Product Line Matrix Comparison,Product Matrix,"OmniSwitch 6560(E)"
https://www.al-enterprise.com/en/products/switches/omniswitch-6570m,https://www.al-enterprise.com/-/media/assets/internet/documents/omniswitch-6570m-datasheet-en.pdf,omniswitch-6570m-datasheet-en.pdf,OmniSwitch 6570M Datasheet,Datasheet,OmniSwitch 6570M
https://www.al-enterprise.com/en/products/switches/omniswitch-6860,https://www.al-enterprise.com/-/media/assets/internet/documents/omniswitch-6860-datasheet-en.pdf,omniswitch-6860-datasheet-en.pdf,OmniSwitch 6860 Stackable LAN Switches,Datasheet,OmniSwitch 6860
https://www.al-enterprise.com/en/products/switches/omniswitch-6860,https://www.al-enterprise.com/-/media/assets/internet/documents/network-infrasctructure-solution-security-tech-brief-en.pdf,network-infrasctructure-solution-security-tech-brief-en.pdf,Network infrastructure solutions: Security best practices,Tech Brief,OmniSwitch 6860
https://www.al-enterprise.com/en/products/switches/omniswitch-6860,https://www.al-enterprise.com/-/media/assets/internet/documents/product-omniswitch-matrix-comparison-en.pdf,product-omniswitch-matrix-comparison-en.pdf,OmniSwitch Product Line Matrix Comparison,Product Matrix,OmniSwitch 6860
https://www.al-enterprise.com/en/products/switches/omniswitch-6860,https://www.al-enterprise.com/-/media/assets/internet/documents/spb-based-video-surveillance-network-whitepaper-en.pdf,spb-based-video-surveillance-network-whitepaper-en.pdf,SPB for Mission-critical Video Surveillance Networks,White Paper,OmniSwitch 6860
https://www.al-enterprise.com/en/products/switches/omniswitch-6870,https://www.al-enterprise.com/-/media/assets/internet/documents/omniswitch-6870-datasheet-en.pdf,omniswitch-6870-datasheet-en.pdf,OmniSwitch 6870,Datasheet,OmniSwitch 6870
https://www.al-enterprise.com/en/products/switches/omniswitch-6465,https://www.al-enterprise.com/-/media/assets/internet/documents/omniswitch-6465-datasheet-en.pdf,omniswitch-6465-datasheet-en.pdf,OmniSwitch 6465 Compact Hardened Ethernet Switches,Datasheet,OmniSwitch 6465
https://www.al-enterprise.com/en/products/switches/omniswitch-6465,https://www.al-enterprise.com/-/media/assets/internet/documents/ruggedized-switches-brochure-en.pdf,ruggedized-switches-brochure-en.pdf,Ruggedized Ethernet Switches,Brochure,OmniSwitch 6465
https://www.al-enterprise.com/en/products/switches/omniswitch-6465,https://www.al-enterprise.com/-/media/assets/internet/documents/network-infrasctructure-solution-security-tech-brief-en.pdf,network-infrasctructure-solution-security-tech-brief-en.pdf,Network Infrastructure Solutions: Security Best Practices,Tech Brief,OmniSwitch 6465
https://www.al-enterprise.com/en/products/switches/omniswitch-6465,https://www.al-enterprise.com/-/media/assets/internet/documents/product-omniswitch-matrix-comparison-en.pdf,product-omniswitch-matrix-comparison-en.pdf,OmniSwitch Product Line Matrix Comparison,Product Matrix,OmniSwitch 6465
https://www.al-enterprise.com/en/products/switches/omniswitch-6465,https://www.al-enterprise.com/-/media/assets/internet/documents/os6465h-bpnx-240w-power-supply-datasheet-en.pdf,os6465h-bpnx-240w-power-supply-datasheet-en.pdf,OmniSwitch 6465H-BPNS Power Supply,Datasheet,OmniSwitch 6465
https://www.al-enterprise.com/en/products/switches/omniswitch-6465,https://www.al-enterprise.com/-/media/assets/internet/documents/dan-for-its-whitepaper-en.pdf,dan-for-its-whitepaper-en.pdf,Digital Age Networking for ITS,White Paper,OmniSwitch 6465
https://www.al-enterprise.com/en/products/switches/omniswitch-6465t,https://www.al-enterprise.com/-/media/assets/internet/documents/ruggedized-switches-brochure-en.pdf,ruggedized-switches-brochure-en.pdf,Ruggedized Ethernet Switches,Brochure,OmniSwitch 6465T
https://www.al-enterprise.com/en/products/switches/omniswitch-6465t,https://www.al-enterprise.com/-/media/assets/internet/documents/omniswitch-6465t-datasheet-en.pdf,omniswitch-6465t-datasheet-en.pdf,OmniSwitch 6465T Extended Temperature Ethernet Switches,Datasheet,OmniSwitch 6465T
https://www.al-enterprise.com/en/products/switches/omniswitch-6465t,https://www.al-enterprise.com/-/media/assets/internet/documents/network-infrasctructure-solution-security-tech-brief-en.pdf,network-infrasctructure-solution-security-tech-brief-en.pdf,Network Infrastructure Solutions: Security Best Practices,Tech Brief,OmniSwitch 6465T
https://www.al-enterprise.com/en/products/switches/omniswitch-6465t,https://www.al-enterprise.com/-/media/assets/internet/documents/product-omniswitch-matrix-comparison-en.pdf,product-omniswitch-matrix-comparison-en.pdf,OmniSwitch Product Line Matrix Comparison,Product Matrix,OmniSwitch 6465T
https://www.al-enterprise.com/en/products/switches/omniswitch-6575,https://www.al-enterprise.com/-/media/assets/internet/documents/omniswitch-6575-datasheet-en.pdf,omniswitch-6575-datasheet-en.pdf,OmniSwitch 6575,Datasheet,OmniSwitch 6575
https://www.al-enterprise.com/en/products/switches/omniswitch-6575,https://www.al-enterprise.com/-/media/assets/internet/documents/product-omniswitch-matrix-comparison-en.pdf,product-omniswitch-matrix-comparison-en.pdf,OmniSwitch Product Line Matrix Comparison,Product Matrix,OmniSwitch 6575
https://www.al-enterprise.com/en/products/switches/omniswitch-6575,https://www.al-enterprise.com/-/media/assets/internet/documents/ale-portfolio-foldout-interactive-flyer-en.pdf,ale-portfolio-foldout-interactive-flyer-en.pdf,"Portfolio overview, Cloud, Comms and Networks - interactive",Flyer,OmniSwitch 6575
https://www.al-enterprise.com/en/products/switches/omniswitch-6865,https://www.al-enterprise.com/-/media/assets/internet/documents/omniswitch-6865-datasheet-en.pdf,omniswitch-6865-datasheet-en.pdf,OmniSwitch 6865 Hardened Ethernet Switches,Datasheet,OmniSwitch 6865
https://www.al-enterprise.com/en/products/switches/omniswitch-6865,https://www.al-enterprise.com/-/media/assets/internet/documents/ruggedized-switches-brochure-en.pdf,ruggedized-switches-brochure-en.pdf,Ruggedized Ethernet Switches,Brochure,OmniSwitch 6865
https://www.al-enterprise.com/en/products/switches/omniswitch-6865,https://www.al-enterprise.com/-/media/assets/internet/documents/product-omniswitch-matrix-comparison-en.pdf,product-omniswitch-matrix-comparison-en.pdf,OmniSwitch Product Line Matrix Comparison,Product Matrix,OmniSwitch 6865
https://www.al-enterprise.com/en/products/switches/omniswitch-6865,https://www.al-enterprise.com/-/media/assets/internet/documents/spb-video-surveillance-brochure-en.pdf,spb-video-surveillance-brochure-en.pdf,Video Surveillance Solution,Brochure,OmniSwitch 6865
https://www.al-enterprise.com/en/products/switches/omniswitch-6865,https://www.al-enterprise.com/-/media/assets/internet/documents/dan-for-its-whitepaper-en.pdf,dan-for-its-whitepaper-en.pdf,Digital Age Networking for ITS,White Paper,OmniSwitch 6865
https://www.al-enterprise.com/en/products/switches/omniswitch-6865,https://www.al-enterprise.com/-/media/assets/internet/documents/spb-based-video-surveillance-network-whitepaper-en.pdf,spb-based-video-surveillance-network-whitepaper-en.pdf,SPB for Mission-critical Video Networks,White Paper,OmniSwitch 6865
https://www.al-enterprise.com/en/products/switches/omniswitch-2260,https://www.al-enterprise.com/-/media/assets/internet/documents/omniswitch-2260-datasheet-en.pdf,omniswitch-2260-datasheet-en.pdf,OmniSwitch 2260,Datasheet,OmniSwitch 2260
https://www.al-enterprise.com/en/products/switches/omniswitch-2260,https://www.al-enterprise.com/-/media/assets/internet/documents/product-omniswitch-matrix-comparison-en.pdf,product-omniswitch-matrix-comparison-en.pdf,OmniSwitch Product Line Matrix Comparison,Product Matrix,OmniSwitch 2260
https://www.al-enterprise.com/en/products/switches/omniswitch-2360,https://www.al-enterprise.com/-/media/assets/internet/documents/omniswitch-2360-datasheet-en.pdf,omniswitch-2360-datasheet-en.pdf,OmniSwitch 2360,Datasheet,OmniSwitch 2360
https://www.al-enterprise.com/en/products/switches/omniswitch-2360,https://www.al-enterprise.com/-/media/assets/internet/documents/product-omniswitch-matrix-comparison-en.pdf,product-omniswitch-matrix-comparison-en.pdf,OmniSwitch Product Line Matrix Comparison,Product Matrix,OmniSwitch 2360
https://www.al-enterprise.com/en/products/wlan/omniaccess-stellar-access-point-1501,https://www.al-enterprise.com/-/media/assets/internet/documents/omniaccess-stellar-oaw-ap1501-datasheet-en.pdf,omniaccess-stellar-oaw-ap1501-datasheet-en.pdf,OmniAccess Stellar AP1501,Datasheet,OmniAccess Stellar AP1501
https://www.al-enterprise.com/en/products/wlan/omniaccess-stellar-access-point-1501,https://www.al-enterprise.com/-/media/assets/internet/documents/omniaccess-stellar-at-a-glance-brochure-en.pdf,omniaccess-stellar-at-a-glance-brochure-en.pdf,OmniAccess Stellar At-a-Glance Guide,Brochure,OmniAccess Stellar AP1501
https://www.al-enterprise.com/en/products/wlan/omniaccess-stellar-access-point-1511,https://www.al-enterprise.com/-/media/assets/internet/documents/omniaccess-stellar-oaw-ap1511-datasheet-en.pdf,omniaccess-stellar-oaw-ap1511-datasheet-en.pdf,OmniAccess Stellar AP1511,Datasheet,OmniAccess Stellar AP1511
https://www.al-enterprise.com/en/products/wlan/omniaccess-stellar-access-point-1511,https://www.al-enterprise.com/-/media/assets/internet/documents/omniaccess-stellar-product-line-matrix-antenna-interactive-brochure-en.pdf,omniaccess-stellar-product-line-matrix-antenna-interactive-brochure-en.pdf,OmniAccess Stellar Product Line Matrix,Brochure,OmniAccess Stellar AP1511
https://www.al-enterprise.com/en/products/wlan/omniaccess-stellar-access-point-1511,https://www.al-enterprise.com/-/media/assets/internet/documents/omniaccess-stellar-at-a-glance-brochure-en.pdf,omniaccess-stellar-at-a-glance-brochure-en.pdf,OmniAccess Stellar At-a-Glance Guide,Brochure,OmniAccess Stellar AP1511
https://www.al-enterprise.com/en/products/wlan/omniaccess-stellar-access-point-1521,https://www.al-enterprise.com/-/media/assets/internet/documents/alcatel-lucent-omniaccess-stellar-ap1521-datasheet-en.pdf,alcatel-lucent-omniaccess-stellar-ap1521-datasheet-en.pdf,OmniAccess Stellar AP1521,Datasheet,OmniAccess Stellar AP1521
https://www.al-enterprise.com/en/products/wlan/omniaccess-stellar-access-point-1521,https://www.al-enterprise.com/-/media/assets/internet/documents/omniaccess-stellar-product-line-matrix-antenna-interactive-brochure-en.pdf,omniaccess-stellar-product-line-matrix-antenna-interactive-brochure-en.pdf,OmniAccess Stellar Product Line Matrix,Brochure,OmniAccess Stellar AP1521
https://www.al-enterprise.com/en/products/wlan/omniaccess-stellar-access-point-1521,https://www.al-enterprise.com/-/media/assets/internet/documents/omniaccess-stellar-at-a-glance-brochure-en.pdf,omniaccess-stellar-at-a-glance-brochure-en.pdf,OmniAccess Stellar At-a-Glance Guide,Brochure,OmniAccess Stellar AP1521
https://www.al-enterprise.com/en/products/wlan/omniaccess-stellar-access-point-1411,https://www.al-enterprise.com/-/media/assets/internet/documents/omniaccess-stellar-oaw-ap1411-datasheet-en.pdf,omniaccess-stellar-oaw-ap1411-datasheet-en.pdf,OmniAccess Stellar AP1411,Datasheet,OmniAccess Stellar AP1411
https://www.al-enterprise.com/en/products/wlan/omniaccess-stellar-access-point-1431,https://www.al-enterprise.com/-/media/assets/internet/documents/omniaccess-stellar-oaw-ap1431-datasheet-en.pdf,omniaccess-stellar-oaw-ap1431-datasheet-en.pdf,OmniAccess Stellar AP1431,Datasheet,OmniAccess Stellar AP1431
https://www.al-enterprise.com/en/products/wlan/omniaccess-stellar-access-point-1451,https://www.al-enterprise.com/-/media/assets/internet/documents/omniaccess-stellar-oaw-ap1451-datasheet-en.pdf,omniaccess-stellar-oaw-ap1451-datasheet-en.pdf,OmniAccess Stellar AP1451,Datasheet,OmniAccess Stellar AP1451
https://www.al-enterprise.com/en/products/wlan/omniaccess-stellar-access-point-1451,https://www.al-enterprise.com/-/media/assets/internet/documents/omniaccess-stellar-wi-fi6-wi-fi6e-brochure-en.pdf,omniaccess-stellar-wi-fi6-wi-fi6e-brochure-en.pdf,OmniAccess Stellar Wi-Fi 6 and Wi-Fi 6E,Brochure,OmniAccess Stellar AP1451
https://www.al-enterprise.com/en/products/wlan/omniaccess-stellar-access-point-1301,https://www.al-enterprise.com/-/media/assets/internet/documents/omniaccess-stellar-ap1301-datasheet-en.pdf,omniaccess-stellar-ap1301-datasheet-en.pdf,OmniAccess Stellar AP1301,Datasheet,OmniAccess Stellar AP1301
https://www.al-enterprise.com/en/products/wlan/omniaccess-stellar-access-point-1301,https://www.al-enterprise.com/-/media/assets/internet/documents/omniaccess-stellar-wi-fi6-wi-fi6e-brochure-en.pdf,omniaccess-stellar-wi-fi6-wi-fi6e-brochure-en.pdf,OmniAccess Stellar Wi-Fi 6 and Wi-Fi 6E,Brochure,OmniAccess Stellar AP1301
https://www.al-enterprise.com/en/products/wlan/omniaccess-stellar-access-point-1301h,https://www.al-enterprise.com/-/media/assets/internet/documents/omniaccess-stellar-oaw-ap1301h-datasheet-en.pdf,omniaccess-stellar-oaw-ap1301h-datasheet-en.pdf,OmniAccess Stellar AP1301H,Datasheet,OmniAccess Stellar AP1301H
https://www.al-enterprise.com/en/products/wlan/omniaccess-stellar-access-point-1301h,https://www.al-enterprise.com/-/media/assets/internet/documents/omniaccess-stellar-wi-fi6-wi-fi6e-brochure-en.pdf,omniaccess-stellar-wi-fi6-wi-fi6e-brochure-en.pdf,OmniAccess Stellar Wi-Fi 6 and Wi-Fi 6E,Brochure,OmniAccess Stellar AP1301H
https://www.al-enterprise.com/en/products/wlan/omniaccess-stellar-access-point-1311,https://www.al-enterprise.com/-/media/assets/internet/documents/omniaccess-stellar-oaw-ap1311-datasheet-en.pdf,omniaccess-stellar-oaw-ap1311-datasheet-en.pdf,OmniAccess Stellar AP1311,Datasheet,OmniAccess Stellar AP1311
https://www.al-enterprise.com/en/products/wlan/omniaccess-stellar-access-point-1320,https://www.al-enterprise.com/-/media/assets/internet/documents/omniaccess-stellar-oaw-ap1320-datasheet-en.pdf,omniaccess-stellar-oaw-ap1320-datasheet-en.pdf,OmniAccess Stellar AP1320 series,Datasheet,OmniAccess Stellar AP1320-Series
https://www.al-enterprise.com/en/products/wlan/omniaccess-stellar-access-point-1331,https://www.al-enterprise.com/-/media/assets/internet/documents/omniaccess-stellar-oaw-ap1331-datasheet-en.pdf,omniaccess-stellar-oaw-ap1331-datasheet-en.pdf,OmniAccess Stellar AP1331,Datasheet,OmniAccess Stellar AP1331
https://www.al-enterprise.com/en/products/wlan/omniaccess-stellar-access-point-1351,https://www.al-enterprise.com/-/media/assets/internet/documents/omniaccess-stellar-oaw-ap1351-datasheet-en.pdf,omniaccess-stellar-oaw-ap1351-datasheet-en.pdf,OmniAccess Stellar AP1351,Datasheet,OmniAccess Stellar AP1351
https://www.al-enterprise.com/en/products/wlan/omniaccess-stellar-access-point-1351,https://www.al-enterprise.com/-/media/assets/internet/documents/omniaccess-stellar-wi-fi6-wi-fi6e-brochure-en.pdf,omniaccess-stellar-wi-fi6-wi-fi6e-brochure-en.pdf,OmniAccess Stellar Wi-Fi 6 and Wi-Fi 6E,Brochure,OmniAccess Stellar AP1351
https://www.al-enterprise.com/en/products/wlan/omniaccess-stellar-access-point-1230,https://www.al-enterprise.com/-/media/assets/internet/documents/oaw-ap1230-series-datasheet-en.pdf,oaw-ap1230-series-datasheet-en.pdf,OmniAccess Stellar AP1230 Series,Datasheet,OmniAccess Stellar AP1230-Series
https://www.al-enterprise.com/en/products/wlan/omniaccess-stellar-access-point-1561,https://www.al-enterprise.com/-/media/assets/internet/documents/omniaccess-stellar-oaw-ap1561-datasheet-en.pdf,omniaccess-stellar-oaw-ap1561-datasheet-en.pdf,OmniAccess Stellar AP1561,Datasheet,OmniAccess Stellar AP1561
https://www.al-enterprise.com/en/products/wlan/omniaccess-stellar-access-point-1570,https://www.al-enterprise.com/-/media/assets/internet/documents/omniaccess-stellar-oaw-ap1570-datasheet-en.pdf,omniaccess-stellar-oaw-ap1570-datasheet-en.pdf,OmniAccess Stellar AP1570,Datasheet,OmniAccess Stellar AP1570 Series
https://www.al-enterprise.com/en/products/wlan/omniaccess-stellar-access-point-1360,https://www.al-enterprise.com/-/media/assets/internet/documents/omniaccess-stellar-oaw-ap1360-datasheet-en.pdf,omniaccess-stellar-oaw-ap1360-datasheet-en.pdf,OmniAccess Stellar AP1360 series,Datasheet,OmniAccess Stellar AP1360 Series
https://www.al-enterprise.com/en/products/wlan/omniaccess-stellar-access-point-1261,https://www.al-enterprise.com/-/media/assets/internet/documents/omniaccess-stellar-oaw-ap1261-datasheet-en.pdf,omniaccess-stellar-oaw-ap1261-datasheet-en.pdf,OmniAccess Stellar AP1261,Datasheet,OmniAccess Stellar AP1261
https://www.al-enterprise.com/en/products/devices/ale-deskphones,https://www.al-enterprise.com/-/media/assets/internet/documents/ale-deskphones-basic-range-datasheet-en.pdf,ale-deskphones-basic-range-datasheet-en.pdf,ALE DeskPhone Basic range,Datasheet,ALE DeskPhones
https://www.al-enterprise.com/en/products/devices/ale-deskphones,https://www.al-enterprise.com/-/media/assets/internet/documents/ale-deskphones-ecatalog-brochure-en.pdf,ale-deskphones-ecatalog-brochure-en.pdf,ALE DeskPhones Interactive catalogue,Brochure,ALE DeskPhones
https://www.al-enterprise.com/en/products/devices/ale-deskphones,https://www.al-enterprise.com/-/media/assets/internet/documents/ale-deskphones-enterprise-series-datasheet-en.pdf,ale-deskphones-enterprise-series-datasheet-en.pdf,ALE DeskPhones Enterprise range,Datasheet,ALE DeskPhones
https://www.al-enterprise.com/en/products/devices/ale-deskphones,https://www.al-enterprise.com/-/media/assets/internet/documents/ale-deskphones-essential-datasheet-en.pdf,ale-deskphones-essential-datasheet-en.pdf,ALE DeskPhones Essential range,Datasheet,ALE DeskPhones
https://www.al-enterprise.com/en/products/devices/ale-deskphones,https://www.al-enterprise.com/-/media/assets/internet/documents/em200-smart-expansion-module-datasheet-en.pdf,em200-smart-expansion-module-datasheet-en.pdf,EM200 Smart Expansion Module,Datasheet,ALE DeskPhones
https://www.al-enterprise.com/en/products/devices/ale-deskphones,https://www.al-enterprise.com/-/media/assets/internet/documents/alcatel-lucent-enterprise-ale-120-key-expansion-module-datasheet-en.pdf,alcatel-lucent-enterprise-ale-120-key-expansion-module-datasheet-en.pdf,ALE-120 Key Expansion Module,Datasheet,ALE DeskPhones
https://www.al-enterprise.com/en/products/devices/ale-sip-deskphones,https://www.al-enterprise.com/-/media/assets/internet/documents/m8-deskphone-datasheet-en.pdf,m8-deskphone-datasheet-en.pdf,M8 SIP DeskPhone,Datasheet,ALE SIP DeskPhones
https://www.al-enterprise.com/en/products/devices/ale-sip-deskphones,https://www.al-enterprise.com/-/media/assets/internet/documents/m7s-deskphone-datasheet-en.pdf,m7s-deskphone-datasheet-en.pdf,M7s SIP DeskPhone,Datasheet,ALE SIP DeskPhones
https://www.al-enterprise.com/en/products/devices/ale-sip-deskphones,https://www.al-enterprise.com/-/media/assets/internet/documents/m7s-pro-deskphone-datasheet-en.pdf,m7s-pro-deskphone-datasheet-en.pdf,M7s Pro SIP DeskPhone,Datasheet,ALE SIP DeskPhones
https://www.al-enterprise.com/en/products/devices/ale-sip-deskphones,https://www.al-enterprise.com/-/media/assets/internet/documents/m7-deskphone-datasheet-en.pdf,m7-deskphone-datasheet-en.pdf,M7 SIP DeskPhone,Datasheet,ALE SIP DeskPhones
https://www.al-enterprise.com/en/products/devices/ale-sip-deskphones,https://www.al-enterprise.com/-/media/assets/internet/documents/m5s-deskphone-datasheet-en.pdf,m5s-deskphone-datasheet-en.pdf,M5s SIP DeskPhone,Datasheet,ALE SIP DeskPhones
https://www.al-enterprise.com/en/products/devices/ale-sip-deskphones,https://www.al-enterprise.com/-/media/assets/internet/documents/m5-deskphone-datasheet-en.pdf,m5-deskphone-datasheet-en.pdf,M5 SIP DeskPhone,Datasheet,ALE SIP DeskPhones
https://www.al-enterprise.com/en/products/devices/ale-sip-deskphones,https://www.al-enterprise.com/-/media/assets/internet/documents/m3s-deskphone-datasheet-en.pdf,m3s-deskphone-datasheet-en.pdf,M3s SIP DeskPhone,Datasheet,ALE SIP DeskPhones
https://www.al-enterprise.com/en/products/devices/ale-sip-deskphones,https://www.al-enterprise.com/-/media/assets/internet/documents/ale-sip-deskphones-ecatalog-brochure-en.pdf,ale-sip-deskphones-ecatalog-brochure-en.pdf,ALE SIP DeskPhones eCatalogue,Brochure,ALE SIP DeskPhones
https://www.al-enterprise.com/en/products/devices/smart-deskphones,https://www.al-enterprise.com/-/media/assets/internet/documents/8088-smart-deskphone-datasheet-en.pdf,8088-smart-deskphone-datasheet-en.pdf,8088 Smart DeskPhone,Datasheet,Smart DeskPhones
https://www.al-enterprise.com/en/products/devices/dect-handsets,https://www.al-enterprise.com/-/media/assets/internet/documents/8214-dect-handset-datasheet-en.pdf,8214-dect-handset-datasheet-en.pdf,8214 DECT Handset,Datasheet,DECT Handsets
https://www.al-enterprise.com/en/products/devices/dect-handsets,https://www.al-enterprise.com/-/media/assets/internet/documents/8234-dect-handset-datasheet-en.pdf,8234-dect-handset-datasheet-en.pdf,8234 DECT Handset,Datasheet,DECT Handsets
https://www.al-enterprise.com/en/products/devices/dect-handsets,https://www.al-enterprise.com/-/media/assets/internet/documents/8244-dect-handset-datasheet-en.pdf,8244-dect-handset-datasheet-en.pdf,8244 DECT Handset,Datasheet,DECT Handsets
https://www.al-enterprise.com/en/products/devices/dect-handsets,https://www.al-enterprise.com/-/media/assets/internet/documents/8254-dect-handset-datasheet-en.pdf,8254-dect-handset-datasheet-en.pdf,8254 DECT Handset,Datasheet,DECT Handsets
https://www.al-enterprise.com/en/products/devices/dect-handsets,https://www.al-enterprise.com/-/media/assets/internet/documents/8262-dect-handset-datasheet-en.pdf,8262-dect-handset-datasheet-en.pdf,8262 DECT Handset,Datasheet,DECT Handsets
https://www.al-enterprise.com/en/products/devices/dect-handsets,https://www.al-enterprise.com/-/media/assets/internet/documents/mobility-ecatalog-ebook-en.pdf,mobility-ecatalog-ebook-en.pdf,Mobility e-catalog,eBook,DECT Handsets
https://www.al-enterprise.com/en/products/devices/sip-dect-handsets,https://www.al-enterprise.com/-/media/assets/internet/documents/8262-8262ex-sip-dect-handset-datasheet-en.pdf,8262-8262ex-sip-dect-handset-datasheet-en.pdf,8262/8262Ex SIP-DECT Handsets,Datasheet,SIP-DECT Handsets
https://www.al-enterprise.com/en/products/devices/sip-dect-handsets,https://www.al-enterprise.com/-/media/assets/internet/documents/8214-dect-handset-datasheet-en.pdf,8214-dect-handset-datasheet-en.pdf,8214 DECT Handset,Datasheet,SIP-DECT Handsets
https://www.al-enterprise.com/en/products/devices/wlan-handsets,https://www.al-enterprise.com/-/media/assets/internet/documents/8158s-8168s-wlan-handsets-datasheets-en.pdf,8158s-8168s-wlan-handsets-datasheets-en.pdf,8158s and 8168s WLAN handsets,Datasheet,WLAN Handsets
https://www.al-enterprise.com/en/products/devices/wlan-handsets,https://www.al-enterprise.com/-/media/assets/internet/documents/mobility-ecatalog-ebook-en.pdf,mobility-ecatalog-ebook-en.pdf,Mobility e-catalog,eBook,WLAN Handsets
https://www.al-enterprise.com/en/products/devices/ale-aries-headsets,https://www.al-enterprise.com/-/media/assets/internet/documents/ale-headsets-brochure-en.pdf,ale-headsets-brochure-en.pdf,ALE Headsets Brochure,Brochure,ALE Aries Headsets
https://www.al-enterprise.com/en/products/devices/ale-aries-headsets,https://www.al-enterprise.com/-/media/assets/internet/documents/aries-ad5x-dect-headset-series-datasheet-en.pdf,aries-ad5x-dect-headset-series-datasheet-en.pdf,Aries AD5x DECT Headset Series,Datasheet,ALE Aries Headsets
https://www.al-enterprise.com/en/products/devices/ale-aries-headsets,https://www.al-enterprise.com/-/media/assets/internet/documents/aries-ah20-2-series-headset-datasheet-en.pdf,aries-ah20-2-series-headset-datasheet-en.pdf,Aries 20 Series II Headsets,Datasheet,ALE Aries Headsets
https://www.al-enterprise.com/en/products/devices/ale-aries-headsets,https://www.al-enterprise.com/-/media/assets/internet/documents/ale-ah80-bluetooth-headset-datasheet-en.pdf,ale-ah80-bluetooth-headset-datasheet-en.pdf,AH80 Bluetooth Headset,Datasheet,ALE Aries Headsets
https://www.al-enterprise.com/en/products/devices/ale-aries-headsets,https://www.al-enterprise.com/-/media/assets/internet/documents/aries-ah10-series-headset-datasheet-en.pdf,aries-ah10-series-headset-datasheet-en.pdf,Aries 10 Series Headsets,Datasheet,ALE Aries Headsets
https://www.al-enterprise.com/en/products/applications/ale-softphone,https://www.al-enterprise.com/-/media/assets/internet/documents/ale-softphone-datasheet-en.pdf,ale-softphone-datasheet-en.pdf,ALE SoftPhone,Datasheet,ALE SoftPhone
https://www.al-enterprise.com/en/products/applications/ip-desktop-softphone,https://www.al-enterprise.com/-/media/assets/internet/documents/ip-desktop-softphone-datasheet-en.pdf,ip-desktop-softphone-datasheet-en.pdf,IP Desktop Softphone,Datasheet,IP Desktop Softphone
https://www.al-enterprise.com/en/products/applications/pimphony,https://www.al-enterprise.com/-/media/assets/internet/documents/pc-telephony-pimphony-datasheet-en.pdf,pc-telephony-pimphony-datasheet-en.pdf,PC Telephony with PIMphony,Datasheet,PIMphony
https://www.al-enterprise.com/en/products/platforms/omnipcx-enterprise-communication-server,https://www.al-enterprise.com/-/media/assets/internet/documents/omnipcx-enterprise-communication-server-datasheet-en.pdf,omnipcx-enterprise-communication-server-datasheet-en.pdf,OmniPCX Enterprise Communication Server,Datasheet,OmniPCX Enterprise Communication Server
https://www.al-enterprise.com/en/products/platforms/oxo-connect,https://www.al-enterprise.com/-/media/assets/internet/documents/oxo-connect-evolution-datasheet-en.pdf,oxo-connect-evolution-datasheet-en.pdf,OXO Connect Evolution,Datasheet,OXO Connect
https://www.al-enterprise.com/en/products/platforms/oxo-connect,https://www.al-enterprise.com/-/media/assets/internet/documents/oxo-connect-smb-datasheet-en.pdf,oxo-connect-smb-datasheet-en.pdf,OXO Connect,Datasheet,OXO Connect
https://www.al-enterprise.com/en/products/platforms/opentouch-enterprise-cloud,https://www.al-enterprise.com/-/media/assets/internet/documents/otec-economics-of-the-cloud-brochure-en.pdf,otec-economics-of-the-cloud-brochure-en.pdf,OpenTouch Enterprise Cloud,Brochure,OpenTouch Enterprise Cloud
https://www.al-enterprise.com/en/products/platforms/opentouch-enterprise-cloud,https://www.al-enterprise.com/-/media/assets/internet/documents/opentouch-enterprise-cloud-infographic-en.pdf,opentouch-enterprise-cloud-infographic-en.pdf,3 Reasons to Move to the Cloud,Infographic,OpenTouch Enterprise Cloud
https://www.al-enterprise.com/en/products/applications/opentouch-fax-center,https://www.al-enterprise.com/-/media/assets/internet/documents/opentouch-fax-center-datasheet-en.pdf,opentouch-fax-center-datasheet-en.pdf,OpenTouch Fax Center,Datasheet,OpenTouch Fax Center
https://www.al-enterprise.com/en/products/platforms/omnipcx-open-gateway,https://www.al-enterprise.com/-/media/assets/internet/documents/omnipcx-open-gateway-datasheet-en.pdf,omnipcx-open-gateway-datasheet-en.pdf,OmniPCX Open Gateway,Datasheet,OmniPCX Open Gateway
https://www.al-enterprise.com/en/products/platforms/dect-infrastructure,https://www.al-enterprise.com/-/media/assets/internet/documents/8378-dect-ip-xbs-datasheet-en.pdf,8378-dect-ip-xbs-datasheet-en.pdf,8378 DECT IP-xBS,Datasheet,DECT Base Stations
https://www.al-enterprise.com/en/products/platforms/dect-infrastructure,https://www.al-enterprise.com/-/media/assets/internet/documents/8379-dect-ibs-datasheet-en.pdf,8379-dect-ibs-datasheet-en.pdf,8379 DECT IBS,Datasheet,DECT Base Stations
https://www.al-enterprise.com/en/products/platforms/sip-dect-infrastructure,https://www.al-enterprise.com/-/media/assets/internet/documents/8328-sip-dect-single-base-station-datasheet-en.pdf,8328-sip-dect-single-base-station-datasheet-en.pdf,8328 SIP-DECT Single Base Station,Datasheet,SIP-DECT Base Stations
https://www.al-enterprise.com/en/products/platforms/sip-dect-infrastructure,https://www.al-enterprise.com/-/media/assets/internet/documents/ale-8368-sip-dect-multi-cell-base-station-datasheet-en.pdf,ale-8368-sip-dect-multi-cell-base-station-datasheet-en.pdf,8368 SIP-DECT Multi-Cell Base Station,Datasheet,SIP-DECT Base Stations
https://www.al-enterprise.com/en/products/applications/ale-connect,https://www.al-enterprise.com/-/media/assets/internet/documents/ale-connect-brochure-en.pdf,ale-connect-brochure-en.pdf,ALE Connect,Brochure,ALE Connect omnichannel contact center
https://www.al-enterprise.com/en/products/applications/ale-connect,https://www.al-enterprise.com/-/media/assets/internet/documents/ale-connect-datasheet-en.pdf,ale-connect-datasheet-en.pdf,ALE Connect,Datasheet,ALE Connect omnichannel contact center
https://www.al-enterprise.com/en/products/applications/omnitouch-contact-center,https://www.al-enterprise.com/-/media/assets/internet/documents/omnitouch-contact-center-brochure-en.pdf,omnitouch-contact-center-brochure-en.pdf,OmniTouch Contact Center Standard Edition,Brochure,OmniTouch Contact Center Standard Edition
https://www.al-enterprise.com/en/products/applications/omnitouch-contact-center,https://www.al-enterprise.com/-/media/assets/internet/documents/omnitouch-contact-center-datasheet-en.pdf,omnitouch-contact-center-datasheet-en.pdf,OmniTouch Contact Center Standard Edition,Datasheet,OmniTouch Contact Center Standard Edition
https://www.al-enterprise.com/en/products/applications/4059-extended-edition-attendant-console,https://www.al-enterprise.com/-/media/assets/internet/documents/4059-extended-edition-attendant-console-datasheet-en.pdf,4059-extended-edition-attendant-console-datasheet-en.pdf,4059 Extended Edition Attendant Console,Datasheet,4059 Extended Edition Attendant Console
https://www.al-enterprise.com/en/products/applications/dispatch-console,https://www.al-enterprise.com/-/media/assets/internet/documents/dispatch-console-solution-datasheet-en.pdf,dispatch-console-solution-datasheet-en.pdf,Dispatch Console Solution,Datasheet,Dispatch Console
https://www.al-enterprise.com/en/products/applications/omnipcx-record-suite,https://www.al-enterprise.com/-/media/assets/internet/documents/omnipcx-record-suite-datasheet-en.pdf,omnipcx-record-suite-datasheet-en.pdf,OmniPCX RECORD Suite,Datasheet,OmniPCX RECORD Suite
https://www.al-enterprise.com/en/products/applications/soft-panel-manager,https://www.al-enterprise.com/-/media/assets/internet/documents/customer-service-applications-ecatalog-en.pdf,customer-service-applications-ecatalog-en.pdf,Customer Service eCatalog,eBook,Soft Panel Manager
https://www.al-enterprise.com/en/products/applications/visual-automated-attendant,https://www.al-enterprise.com/-/media/assets/internet/documents/visual-automated-attendant-datasheet-en.pdf,visual-automated-attendant-datasheet-en.pdf,Visual Automated Attendant,Datasheet,Visual Automated Attendant
https://www.al-enterprise.com/en/products/applications/microsoft-teams-integration,https://www.al-enterprise.com/-/media/assets/internet/documents/ms-team-datasheet-en.pdf,ms-team-datasheet-en.pdf,Rainbow telephony connector for Microsoft Teams,Datasheet,Microsoft Teams integration
https://www.al-enterprise.com/en/products/applications/microsoft-teams-integration,https://www.al-enterprise.com/-/media/assets/internet/documents/rainbow-telephony-for-microsoft-teams-flyer-en.pdf,rainbow-telephony-for-microsoft-teams-flyer-en.pdf,Rainbow Telephony for Microsoft Teams,Flyer,Microsoft Teams integration
https://www.al-enterprise.com/en/products/applications/visual-notification-assistant,https://www.al-enterprise.com/-/media/assets/internet/documents/visual-notification-assistant-datasheet-en.pdf,visual-notification-assistant-datasheet-en.pdf,Visual Notification Assistant,Datasheet,Visual Notification Assistant
https://www.al-enterprise.com/en/products/network-management-security/omnivista-network-management-platform,https://www.al-enterprise.com/-/media/assets/internet/documents/omnivista-network-management-datasheet-en.pdf,omnivista-network-management-datasheet-en.pdf,OmniVista - Unified Network Management,Datasheet,OmniVista Network Management Platform
https://www.al-enterprise.com/en/products/network-management-security/fleet-supervision,https://www.al-enterprise.com/-/media/assets/internet/documents/ale-network-fleet-supervision-solution-sheet-en.pdf,ale-network-fleet-supervision-solution-sheet-en.pdf,ALE Fleet Supervision,Solution Sheet,Network Fleet Supervision
https://www.al-enterprise.com/en/products/network-management-security/omniswitch-milestone-plugin,https://www.al-enterprise.com/-/media/assets/internet/documents/ale-omniswitch-milestone-plugin-solution-sheet-en.pdf,ale-omniswitch-milestone-plugin-solution-sheet-en.pdf,OmniSwitch Milestone Plugin,Solution Sheet,OmniSwitch Milestone Plugin
https://www.al-enterprise.com/en/products/network-management-security/omnivista-network-advisor,https://www.al-enterprise.com/-/media/assets/internet/documents/alcatel-lucent-omnivista-network-advisor-datasheet-en.pdf,alcatel-lucent-omnivista-network-advisor-datasheet-en.pdf,OmniVista Network Advisor,Datasheet,OmniVista Network Advisor - AI Ops
https://www.al-enterprise.com/en/products/network-management-security/omnivista-network-advisor,https://www.al-enterprise.com/-/media/assets/internet/documents/omnivista-network-advisor-brochure-en.pdf,omnivista-network-advisor-brochure-en.pdf,OmniVista Network Advisor Brochure,Brochure,OmniVista Network Advisor - AI Ops
https://www.al-enterprise.com/en/products/network-management-security/omnivista-smart-tool,https://www.al-enterprise.com/-/media/assets/internet/documents/omnivista-smart-tool-solution-sheet-en.pdf,omnivista-smart-tool-solution-sheet-en.pdf,OmniVista Smart Tool,Solution Sheet,OmniVista Smart Tool
https://www.al-enterprise.com/en/products/communications-management-security/omnivista-8770-network-management-system,https://www.al-enterprise.com/-/media/assets/internet/documents/omnivista-8770-network-management-system-datasheet-en.pdf,omnivista-8770-network-management-system-datasheet-en.pdf,OmniVista 8770 Network Management System,Datasheet,OmniVista 8770 Network Management System
https://www.al-enterprise.com/en/products/communications-management-security/unified-management-center,https://www.al-enterprise.com/-/media/assets/internet/documents/unified-management-center-datasheet-en.pdf,unified-management-center-datasheet-en.pdf,Unified Management Center,Datasheet,Unified Management Center
https://www.al-enterprise.com/en/products/communications-management-security/opentouch-session-border-controller,https://www.al-enterprise.com/-/media/assets/internet/documents/opentouch-sbc-datasheet-en.pdf,opentouch-sbc-datasheet-en.pdf,OpenTouch Session Border Controller,Datasheet,OpenTouch Session Border Controller
https://www.al-enterprise.com/en/products/asset-tracking,https://www.al-enterprise.com/-/media/assets/internet/documents/asset-tracking-for-healthcare-brochure-en.pdf,asset-tracking-for-healthcare-brochure-en.pdf,Asset Tracking for Healthcare,Brochure,OmniAccess Stellar Asset Tracking
https://www.al-enterprise.com/en/products/asset-tracking,https://www.al-enterprise.com/-/media/assets/internet/documents/stellar-asset-tracking-for-enterprise-brochure-en.pdf,stellar-asset-tracking-for-enterprise-brochure-en.pdf,Stellar Asset Tracking for Enterprises,Brochure,OmniAccess Stellar Asset Tracking
https://www.al-enterprise.com/en/products/asset-tracking,https://www.al-enterprise.com/-/media/assets/internet/documents/ale-omniaccess-stellar-asset-tracking-deployment-assistance-datasheet-en.pdf,ale-omniaccess-stellar-asset-tracking-deployment-assistance-datasheet-en.pdf,OmniAccess Stellar Asset Tracking Deployment Assistance,Datasheet,OmniAccess Stellar Asset Tracking
https://www.al-enterprise.com/en/products/asset-tracking,https://www.al-enterprise.com/-/media/assets/internet/documents/oaw-ap1201bg-datasheet-en.pdf,oaw-ap1201bg-datasheet-en.pdf,OmniAccess Stellar IoT Gateway AP1201BG,Datasheet,OmniAccess Stellar Asset Tracking
https://www.al-enterprise.com/en/industries/education,https://www.al-enterprise.com/-/media/assets/internet/documents/rainbow-service-hds-solutionsheet-fr.pdf,rainbow-service-hds-solutionsheet-fr.pdf,Rainbow Service HDS (FR),Solution sheet,Education
https://www.al-enterprise.com/en/industries/education,https://www.al-enterprise.com/-/media/assets/internet/documents/rainbow-service-hds-solutionsheet-en.pdf,rainbow-service-hds-solutionsheet-en.pdf,Rainbow Service HDS (EN),Solution sheet,Education
https://www.al-enterprise.com/en/industries/education,https://www.al-enterprise.com/-/media/assets/internet/documents/seamless-campus-connectivty-infographic-en.pdf,seamless-campus-connectivty-infographic-en.pdf,Seamless Campus Connectivity,Infographic,Education
https://www.al-enterprise.com/en/industries/education,https://www.al-enterprise.com/-/media/assets/internet/documents/making-resilience-and-security-a-priority-education-ebook-en.pdf,making-resilience-and-security-a-priority-education-ebook-en.pdf,Making Resilience & Security a Priority,eBook,Education
https://www.al-enterprise.com/en/industries/education,https://www.al-enterprise.com/-/media/assets/internet/documents/connected-education-ebook-en.pdf,connected-education-ebook-en.pdf,Connected Education,eBook,Education
https://www.al-enterprise.com/en/industries/education,https://www.al-enterprise.com/-/media/assets/internet/documents/smart-connected-campus-solution-sheet-en.pdf,smart-connected-campus-solution-sheet-en.pdf,Smart Connected Campus,Solution sheet,Education
https://www.al-enterprise.com/en/industries/education,https://www.al-enterprise.com/-/media/assets/internet/documents/connected-campuses-digital-transformation-in-action-ebook-en.pdf,connected-campuses-digital-transformation-in-action-ebook-en.pdf,Connected Campuses: Digital Transformation,eBook,Education
https://www.al-enterprise.com/en/industries/education,https://www.al-enterprise.com/-/media/assets/internet/documents/scs-education-pathway-infographic-en.pdf,scs-education-pathway-infographic-en.pdf,Student Centric Services - Education Pathway,Infographic,Education
https://www.al-enterprise.com/en/industries/education,https://www.al-enterprise.com/-/media/assets/internet/documents/investing-in-lives-by-investing-in-learning-brochure-en.pdf,investing-in-lives-by-investing-in-learning-brochure-en.pdf,Investing in Lives (HBCUs),Brochure,Education
https://www.al-enterprise.com/en/industries/education,https://www.al-enterprise.com/-/media/assets/internet/documents/ov-cloud-datasheet-en.pdf,ov-cloud-datasheet-en.pdf,OmniVista Cirrus 4,Datasheet,Education
https://www.al-enterprise.com/en/industries/education,https://www.al-enterprise.com/-/media/assets/internet/documents/empower-student-success-with-digital-transformation-whitepaper-en.pdf,empower-student-success-with-digital-transformation-whitepaper-en.pdf,Empower Student Success with Digital Transformation,Whitepaper,Education
https://www.al-enterprise.com/en/industries/education/intelligent-campus,https://www.al-enterprise.com/-/media/assets/internet/documents/re-thinking-cybersecurity-in-education-infographic-en.pdf,re-thinking-cybersecurity-in-education-infographic-en.pdf,Re-thinking cybersecurity in education,Infographic,Education - Smart Campus
https://www.al-enterprise.com/en/industries/education/intelligent-campus,https://www.al-enterprise.com/-/media/assets/internet/documents/comprehensive-cybersecurity-on-campus-infographic-en.pdf,comprehensive-cybersecurity-on-campus-infographic-en.pdf,Comprehensive cybersecurity on campus,Infographic,Education - Smart Campus
https://www.al-enterprise.com/en/industries/education/intelligent-campus,https://www.al-enterprise.com/-/media/assets/internet/documents/out-with-the-old-school-infographic-en.pdf,out-with-the-old-school-infographic-en.pdf,Is your campus ready?,Infographic,Education - Smart Campus
https://www.al-enterprise.com/en/industries/education/intelligent-campus/safe-and-secure-campus,https://www.al-enterprise.com/-/media/assets/internet/documents/creating-a-safer-campus-global-ebook-en.pdf,creating-a-safer-campus-global-ebook-en.pdf,Create a Safer Campus,Brochure,Education - Safe Campus
https://www.al-enterprise.com/en/industries/education/intelligent-campus/student-centric-services,https://www.al-enterprise.com/-/media/assets/internet/documents/rainbow-education-solution-brief-en.pdf,rainbow-education-solution-brief-en.pdf,Optimize the education journey,Solution sheet,Education - Student Centered Learning
https://www.al-enterprise.com/en/industries/education/intelligent-campus/student-centric-services,https://www.al-enterprise.com/-/media/assets/internet/documents/rainbow-faq-virtual-learning-classroom-flyer-en.pdf,rainbow-faq-virtual-learning-classroom-flyer-en.pdf,Why is classroom control important?,Flyer,Education - Student Centered Learning
https://www.al-enterprise.com/en/industries/education/intelligent-campus/student-centric-services,https://www.al-enterprise.com/-/media/assets/internet/documents/rainbow-classroom-ecatalog-en.pdf,rainbow-classroom-ecatalog-en.pdf,Rainbow Classroom ecatalogue,eBook,Education - Student Centered Learning
https://www.al-enterprise.com/en/industries/education/intelligent-campus/student-centric-services,https://www.al-enterprise.com/-/media/assets/internet/documents/primary-secondary-education-networking-guide-en.pdf,primary-secondary-education-networking-guide-en.pdf,Laying groundwork for digital schools,Brochure,Education - Student Centered Learning
https://www.al-enterprise.com/en/industries/education/e-rate,https://www.al-enterprise.com/-/media/assets/internet/documents/omniaccess-stellar-at-a-glance-brochure-en.pdf,omniaccess-stellar-at-a-glance-brochure-en.pdf,OmniAccess Stellar At-a-Glance,Brochure,Education - E-rate
https://www.al-enterprise.com/en/industries/education/e-rate,https://www.al-enterprise.com/-/media/assets/internet/documents/primary-secondary-education-networking-guide-en.pdf,primary-secondary-education-networking-guide-en.pdf,Primary Secondary Education Networking Guide,Brochure,Education - E-rate
https://www.al-enterprise.com/en/industries/energy-and-utilities,https://www.al-enterprise.com/-/media/assets/internet/documents/energy-and-utilities-infographic-en.pdf,energy-and-utilities-infographic-en.pdf,"Smarter, safer and greener E&U",Infographic,Energy & Utilities
https://www.al-enterprise.com/en/industries/energy-and-utilities,https://www.al-enterprise.com/-/media/assets/internet/documents/ale-connect-brochure-en.pdf,ale-connect-brochure-en.pdf,ALE Connect,Brochure,Energy & Utilities
https://www.al-enterprise.com/en/industries/energy-and-utilities,https://www.al-enterprise.com/-/media/assets/internet/documents/visual-notification-assistant-datasheet-en.pdf,visual-notification-assistant-datasheet-en.pdf,Visual Notification Assistant,Datasheet,Energy & Utilities
https://www.al-enterprise.com/en/industries/energy-and-utilities,https://www.al-enterprise.com/-/media/assets/internet/documents/omnipcx-record-suite-datasheet-en.pdf,omnipcx-record-suite-datasheet-en.pdf,OmniPCX RECORD Suite,Datasheet,Energy & Utilities
https://www.al-enterprise.com/en/industries/energy-and-utilities,https://www.al-enterprise.com/-/media/assets/internet/documents/dispatch-console-solution-datasheet-en.pdf,dispatch-console-solution-datasheet-en.pdf,Dispatch Console,Datasheet,Energy & Utilities
https://www.al-enterprise.com/en/industries/energy-and-utilities,https://www.al-enterprise.com/-/media/assets/internet/documents/ruggedized-switches-brochure-en.pdf,ruggedized-switches-brochure-en.pdf,Ruggedized Ethernet Switches,Brochure,Energy & Utilities
https://www.al-enterprise.com/en/industries/energy-and-utilities,https://www.al-enterprise.com/-/media/assets/internet/documents/omnivista-network-advisor-brochure-en.pdf,omnivista-network-advisor-brochure-en.pdf,OmniVista Network Advisor,Brochure,Energy & Utilities
https://www.al-enterprise.com/en/industries/energy-and-utilities,https://www.al-enterprise.com/-/media/assets/internet/documents/omnivista-cirrus-network-management-platform-brochure-en-2025.pdf,omnivista-cirrus-network-management-platform-brochure-en-2025.pdf,OmniVista Cirrus,Brochure,Energy & Utilities
https://www.al-enterprise.com/en/industries/energy-and-utilities,https://www.al-enterprise.com/-/media/assets/internet/documents/omniaccess-stellar-at-a-glance-brochure-en.pdf,omniaccess-stellar-at-a-glance-brochure-en.pdf,OmniAccess Stellar,Brochure,Energy & Utilities
https://www.al-enterprise.com/en/industries/energy-and-utilities,https://www.al-enterprise.com/-/media/assets/internet/documents/seven-essential-elements-for-energy-and-utilities-infographic-en.pdf,seven-essential-elements-for-energy-and-utilities-infographic-en.pdf,Seven essential elements for E&U,Infographic,Energy & Utilities
https://www.al-enterprise.com/en/industries/energy-and-utilities,https://www.al-enterprise.com/-/media/assets/internet/documents/a-three-pillar-approach-for-energy-and-utilities-tackling-todays-challenges-ebook-en.pdf,a-three-pillar-approach-for-energy-and-utilities-tackling-todays-challenges-ebook-en.pdf,Three-pillar approach for E&U,eBook,Energy & Utilities
https://www.al-enterprise.com/en/industries/government,https://www.al-enterprise.com/-/media/assets/internet/documents/omniswitch-6865-datasheet-en.pdf,omniswitch-6865-datasheet-en.pdf,OmniSwitch 6865,Datasheet,Government
https://www.al-enterprise.com/en/industries/government,https://www.al-enterprise.com/-/media/assets/internet/documents/visual-notification-assistant-datasheet-en.pdf,visual-notification-assistant-datasheet-en.pdf,Visual Notification Assistant,Datasheet,Government
https://www.al-enterprise.com/en/industries/government,https://www.al-enterprise.com/-/media/assets/internet/documents/resilient-communication-for-digital-government-eu-solution-sheet-en.pdf,resilient-communication-for-digital-government-eu-solution-sheet-en.pdf,Transforming public services (EU),Solution sheet,Government
https://www.al-enterprise.com/en/industries/government,https://www.al-enterprise.com/-/media/assets/internet/documents/resilient-communication-for-digital-government-row-solution-sheet-en.pdf,resilient-communication-for-digital-government-row-solution-sheet-en.pdf,Transforming public services (ROW),Solution sheet,Government
https://www.al-enterprise.com/en/industries/government,https://www.al-enterprise.com/-/media/assets/internet/documents/dispatch-console-solution-datasheet-en.pdf,dispatch-console-solution-datasheet-en.pdf,Dispatch Console,Datasheet,Government
https://www.al-enterprise.com/en/industries/government,https://www.al-enterprise.com/-/media/assets/internet/documents/role-of-data-networks-in-smart-buildings-whitepaper-en.pdf,role-of-data-networks-in-smart-buildings-whitepaper-en.pdf,Data networks in smart buildings,Whitepaper,Government
https://www.al-enterprise.com/en/industries/government,https://www.al-enterprise.com/-/media/assets/internet/documents/ruggedized-switches-brochure-en.pdf,ruggedized-switches-brochure-en.pdf,Ruggedized Switches,Brochure,Government
https://www.al-enterprise.com/en/industries/government,https://www.al-enterprise.com/-/media/assets/internet/documents/ecall-solution-sheet-en.pdf,ecall-solution-sheet-en.pdf,Next-Generation eCall,Solution sheet,Government
https://www.al-enterprise.com/en/industries/government,https://www.al-enterprise.com/-/media/assets/internet/documents/next-generation-emergency-communication-app-note-lr-en.pdf,next-generation-emergency-communication-app-note-lr-en.pdf,Next-gen emergency communication,App note,Government
https://www.al-enterprise.com/en/industries/government,https://www.al-enterprise.com/-/media/assets/internet/documents/next-gen-public-safety-solution-sheet-en.pdf,next-gen-public-safety-solution-sheet-en.pdf,Next-gen public safety,Solution sheet,Government
https://www.al-enterprise.com/en/industries/government,https://www.al-enterprise.com/-/media/assets/internet/documents/risk-resilience-and-security-for-government-and-cities-whitepaper-en.pdf,risk-resilience-and-security-for-government-and-cities-whitepaper-en.pdf,"Risk, resilience and security",Whitepaper,Government
https://www.al-enterprise.com/en/industries/government/connected-cities,https://www.al-enterprise.com/-/media/assets/internet/documents/a-comprehensive-approach-to-the-iot-challenge-whitepaper-en.pdf,a-comprehensive-approach-to-the-iot-challenge-whitepaper-en.pdf,IoT Challenge,Whitepaper,Government - Connected Cities
https://www.al-enterprise.com/en/industries/government/connected-cities,https://www.al-enterprise.com/-/media/assets/internet/documents/smart-communities-euno-ebook-en.pdf,smart-communities-euno-ebook-en.pdf,Smart Communities,eBook,Government - Connected Cities
https://www.al-enterprise.com/en/industries/government/connected-cities,https://www.al-enterprise.com/-/media/assets/internet/documents/digital-age-networking-for-government-brochure-en.pdf,digital-age-networking-for-government-brochure-en.pdf,DAN for Government,Brochure,Government - Connected Cities
https://www.al-enterprise.com/en/industries/government/connected-cities,https://www.al-enterprise.com/-/media/assets/internet/documents/dac-occ-solution-sheet-en.pdf,dac-occ-solution-sheet-en.pdf,DAC for Operations Control,Solution sheet,Government - Connected Cities
https://www.al-enterprise.com/en/industries/government/connected-cities,https://www.al-enterprise.com/-/media/assets/internet/documents/connected-cities-digital-transformation-in-action-ebook-en.pdf,connected-cities-digital-transformation-in-action-ebook-en.pdf,Connected Cities: Digital Transformation,eBook,Government - Connected Cities
https://www.al-enterprise.com/en/industries/government/connected-cities,https://www.al-enterprise.com/-/media/assets/internet/documents/governments-win-with-digital-age-communications-solution-sheet-en.pdf,governments-win-with-digital-age-communications-solution-sheet-en.pdf,Governments Win with DAC,Solution sheet,Government - Connected Cities
https://www.al-enterprise.com/en/industries/government/connected-cities,https://www.al-enterprise.com/-/media/assets/internet/documents/digital-age-communications-for-governments-app-note-en.pdf,digital-age-communications-for-governments-app-note-en.pdf,DAC for Governments,App note,Government - Connected Cities
https://www.al-enterprise.com/en/industries/government/connected-cities,https://www.al-enterprise.com/-/media/assets/internet/documents/workflow-automation-for-increased-agility-whitepaper-en.pdf,workflow-automation-for-increased-agility-whitepaper-en.pdf,Workflow Automation,Whitepaper,Government - Connected Cities
https://www.al-enterprise.com/en/industries/government/connected-cities,https://www.al-enterprise.com/-/media/assets/internet/documents/spb-based-video-surveillance-network-whitepaper-en.pdf,spb-based-video-surveillance-network-whitepaper-en.pdf,SPB for Video Surveillance,Whitepaper,Government - Connected Cities
https://www.al-enterprise.com/en/industries/government/defense-solutions,https://www.al-enterprise.com/-/media/assets/internet/documents/omniswitch-6865-datasheet-en.pdf,omniswitch-6865-datasheet-en.pdf,OmniSwitch 6865,Datasheet,Government - Defense Solutions
https://www.al-enterprise.com/en/industries/government/defense-solutions,https://www.al-enterprise.com/-/media/assets/internet/documents/making-resilience-and-security-a-priority-ebook-en.pdf,making-resilience-and-security-a-priority-ebook-en.pdf,Making resilience & security a priority,eBook,Government - Defense Solutions
https://www.al-enterprise.com/en/industries/government/defense-solutions,https://www.al-enterprise.com/-/media/assets/internet/documents/connected-defense-brochure-en.pdf,connected-defense-brochure-en.pdf,Defence Solutions,Brochure,Government - Defense Solutions
https://www.al-enterprise.com/en/industries/government/defense-solutions,https://www.al-enterprise.com/-/media/assets/internet/documents/digital-age-networking-for-government-brochure-en.pdf,digital-age-networking-for-government-brochure-en.pdf,DAN for Government,Brochure,Government - Defense Solutions
https://www.al-enterprise.com/en/industries/government/defense-solutions,https://www.al-enterprise.com/-/media/assets/internet/documents/digital-transformation-solutions-for-the-naval-defence-sector-whitepaper-en.pdf,digital-transformation-solutions-for-the-naval-defence-sector-whitepaper-en.pdf,Naval defence sector,Whitepaper,Government - Defense Solutions
https://www.al-enterprise.com/en/industries/government/defense-solutions,https://www.al-enterprise.com/-/media/assets/internet/documents/regola-certification-datasheet.pdf,regola-certification-datasheet.pdf,Regola certification,Datasheet,Government - Defense Solutions
https://www.al-enterprise.com/en/industries/government/public-safety-solutions,https://www.al-enterprise.com/-/media/assets/internet/documents/visual-notification-assistant-datasheet-en.pdf,visual-notification-assistant-datasheet-en.pdf,Visual Notification Assistant,Datasheet,Government - Public Safety
https://www.al-enterprise.com/en/industries/government/public-safety-solutions,https://www.al-enterprise.com/-/media/assets/internet/documents/dispatch-console-solution-datasheet-en.pdf,dispatch-console-solution-datasheet-en.pdf,Dispatch Console,Datasheet,Government - Public Safety
https://www.al-enterprise.com/en/industries/government/public-safety-solutions,https://www.al-enterprise.com/-/media/assets/internet/documents/ecall-solution-sheet-en.pdf,ecall-solution-sheet-en.pdf,Next-Generation eCall,Solution sheet,Government - Public Safety
https://www.al-enterprise.com/en/industries/government/public-safety-solutions,https://www.al-enterprise.com/-/media/assets/internet/documents/next-generation-emergency-communication-app-note-lr-en.pdf,next-generation-emergency-communication-app-note-lr-en.pdf,Next-gen emergency communication,App note,Government - Public Safety
https://www.al-enterprise.com/en/industries/government/public-safety-solutions,https://www.al-enterprise.com/-/media/assets/internet/documents/making-resilience-and-security-a-priority-ebook-en.pdf,making-resilience-and-security-a-priority-ebook-en.pdf,Making Resilience & Security a Priority,eBook,Government - Public Safety
https://www.al-enterprise.com/en/industries/government/public-safety-solutions,https://www.al-enterprise.com/-/media/assets/internet/documents/dac-occ-solution-sheet-en.pdf,dac-occ-solution-sheet-en.pdf,DAC for Operations Control Centre,Solution sheet,Government - Public Safety
https://www.al-enterprise.com/en/industries/government/public-safety-solutions,https://www.al-enterprise.com/-/media/assets/internet/documents/governments-win-with-digital-age-communications-solution-sheet-en.pdf,governments-win-with-digital-age-communications-solution-sheet-en.pdf,Governments Win with DAC,Solution sheet,Government - Public Safety
https://www.al-enterprise.com/en/industries/government/public-safety-solutions,https://www.al-enterprise.com/-/media/assets/internet/documents/next-gen-public-safety-solution-sheet-en.pdf,next-gen-public-safety-solution-sheet-en.pdf,Next-gen Public Safety,Solution sheet,Government - Public Safety
https://www.al-enterprise.com/en/industries/government/smart-buildings,https://www.al-enterprise.com/-/media/assets/internet/documents/role-of-data-networks-in-smart-buildings-whitepaper-en.pdf,role-of-data-networks-in-smart-buildings-whitepaper-en.pdf,Data networks in smart buildings,Whitepaper,Government - Smart Buildings
https://www.al-enterprise.com/en/industries/government/smart-buildings,https://www.al-enterprise.com/-/media/assets/internet/documents/making-resilience-and-security-a-priority-ebook-en.pdf,making-resilience-and-security-a-priority-ebook-en.pdf,Making resilience & security a priority,eBook,Government - Smart Buildings
https://www.al-enterprise.com/en/industries/government/smart-buildings,https://www.al-enterprise.com/-/media/assets/internet/documents/smart-buildings-brochure-en.pdf,smart-buildings-brochure-en.pdf,Human-centric buildings,Brochure,Government - Smart Buildings
https://www.al-enterprise.com/en/industries/government/smart-buildings,https://www.al-enterprise.com/-/media/assets/internet/documents/smart-building-of-the-future-whitepaper-en.pdf,smart-building-of-the-future-whitepaper-en.pdf,Smart Building 5.0,Whitepaper,Government - Smart Buildings
https://www.al-enterprise.com/en/industries/government/smart-buildings,https://www.al-enterprise.com/-/media/assets/internet/documents/bridging-the-gap-it-operations-whitepaper-en.pdf,bridging-the-gap-it-operations-whitepaper-en.pdf,Bridging IT and Operations,Whitepaper,Government - Smart Buildings
https://www.al-enterprise.com/en/industries/healthcare,https://www.al-enterprise.com/-/media/assets/internet/documents/newbridges-certification-datasheet.pdf,newbridges-certification-datasheet.pdf,newbridges Certification,Datasheet,Healthcare
https://www.al-enterprise.com/en/industries/healthcare,https://www.al-enterprise.com/-/media/assets/internet/documents/novalink-certification-datasheet.pdf,novalink-certification-datasheet.pdf,novalink Certification,Datasheet,Healthcare
https://www.al-enterprise.com/en/industries/healthcare,https://www.al-enterprise.com/-/media/assets/internet/documents/healthcare-virtual-care-infographic-en.pdf,healthcare-virtual-care-infographic-en.pdf,Virtual care infographic,Infographic,Healthcare
https://www.al-enterprise.com/en/industries/healthcare,https://www.al-enterprise.com/-/media/assets/internet/documents/rainbow-healthcare-solution-brief-en.pdf,rainbow-healthcare-solution-brief-en.pdf,Rainbow healthcare solution brief,Solution sheet,Healthcare
https://www.al-enterprise.com/en/industries/healthcare,https://www.al-enterprise.com/-/media/assets/internet/documents/healthcare-connectivity-drives-smart-buildings-brochure-en.pdf,healthcare-connectivity-drives-smart-buildings-brochure-en.pdf,Healthcare smart buildings,Brochure,Healthcare
https://www.al-enterprise.com/en/industries/healthcare,https://www.al-enterprise.com/-/media/assets/internet/documents/healthcare-communications-solution-sheet-en.pdf,healthcare-communications-solution-sheet-en.pdf,Healthcare comms solution sheet,Solution sheet,Healthcare
https://www.al-enterprise.com/en/industries/healthcare,https://www.al-enterprise.com/-/media/assets/internet/documents/mobility-ecatalog-ebook-en.pdf,mobility-ecatalog-ebook-en.pdf,Mobility e-catalog,eBook,Healthcare
https://www.al-enterprise.com/en/industries/healthcare,https://www.al-enterprise.com/-/media/assets/internet/documents/rainbow-alert-datasheet-en.pdf,rainbow-alert-datasheet-en.pdf,Rainbow Alert,Datasheet,Healthcare
https://www.al-enterprise.com/en/industries/healthcare,https://www.al-enterprise.com/-/media/assets/internet/documents/connectivity-and-communications-for-senior-living-solution-sheet-en.pdf,connectivity-and-communications-for-senior-living-solution-sheet-en.pdf,Senior living solution,Solution sheet,Healthcare
https://www.al-enterprise.com/en/industries/healthcare,https://www.al-enterprise.com/-/media/assets/internet/documents/adipsys-certification-datasheet-en-02.pdf,adipsys-certification-datasheet-en-02.pdf,Adipsys certification,Datasheet,Healthcare
https://www.al-enterprise.com/en/industries/healthcare,https://www.al-enterprise.com/-/media/assets/internet/documents/healthcare-infographic-optimizing-care-pathway-en.pdf,healthcare-infographic-optimizing-care-pathway-en.pdf,10 ways to optimize care pathway,Infographic,Healthcare
https://www.al-enterprise.com/en/industries/healthcare/digital-health,https://www.al-enterprise.com/-/media/assets/internet/documents/asset-tracking-for-healthcare-brochure-en.pdf,asset-tracking-for-healthcare-brochure-en.pdf,Asset Tracking for Healthcare,Brochure,Healthcare - Digital Health
https://www.al-enterprise.com/en/industries/healthcare/digital-health,https://www.al-enterprise.com/-/media/assets/internet/documents/hospital-communications-guide-brochure-en.pdf,hospital-communications-guide-brochure-en.pdf,Hospital Communications Guide,Brochure,Healthcare - Digital Health
https://www.al-enterprise.com/en/industries/healthcare/digital-health,https://www.al-enterprise.com/-/media/assets/internet/documents/digital-age-networking-for-healthcare-brochure-en.pdf,digital-age-networking-for-healthcare-brochure-en.pdf,DAN in Healthcare,Brochure,Healthcare - Digital Health
https://www.al-enterprise.com/en/industries/healthcare/digital-health,https://www.al-enterprise.com/-/media/assets/internet/documents/dac-for-hospitals-solution-sheet-en.pdf,dac-for-hospitals-solution-sheet-en.pdf,DAC for hospitals,Solution sheet,Healthcare - Digital Health
https://www.al-enterprise.com/en/industries/healthcare/digital-health,https://www.al-enterprise.com/-/media/assets/internet/documents/nurse-digital-workplace-infographic-en.pdf,nurse-digital-workplace-infographic-en.pdf,Nurse Digital Workplace,Infographic,Healthcare - Digital Health
https://www.al-enterprise.com/en/industries/healthcare/digital-health,https://www.al-enterprise.com/-/media/assets/internet/documents/digital-workplace-for-cure-and-care-infographic-en.pdf,digital-workplace-for-cure-and-care-infographic-en.pdf,Digital workplace for cure and care,Infographic,Healthcare - Digital Health
https://www.al-enterprise.com/en/industries/healthcare/senior-living,https://www.al-enterprise.com/-/media/assets/internet/documents/improving-senior-living-brochure-en.pdf,improving-senior-living-brochure-en.pdf,Improving senior living,Brochure,Healthcare - Senior Living
https://www.al-enterprise.com/en/industries/hospitality,https://www.al-enterprise.com/-/media/assets/internet/documents/transforming-hospitality-with-innovative-ale-solutions-brochure-en.pdf,transforming-hospitality-with-innovative-ale-solutions-brochure-en.pdf,Transforming Hospitality with ALE,Brochure,Hospitality
https://www.al-enterprise.com/en/industries/hospitality,https://www.al-enterprise.com/-/media/assets/internet/documents/customer-reference-hospitality-ebook-en.pdf,customer-reference-hospitality-ebook-en.pdf,Hospitality Customer Reference,eBook,Hospitality
https://www.al-enterprise.com/en/industries/hospitality,https://www.al-enterprise.com/-/media/assets/internet/documents/nec-exciting-uc-hospitality-flyer-en.pdf,nec-exciting-uc-hospitality-flyer-en.pdf,NEC checking out (flyer),Flyer,Hospitality
https://www.al-enterprise.com/en/industries/hospitality,https://www.al-enterprise.com/-/media/assets/internet/documents/nec-exits-uc-hospitality-faq-flyer-en.pdf,nec-exits-uc-hospitality-faq-flyer-en.pdf,NEC exits UC FAQ,Flyer,Hospitality
https://www.al-enterprise.com/en/industries/manufacturing,https://www.al-enterprise.com/-/media/assets/internet/documents/ale-private-5g-overview-brochure-en.pdf,ale-private-5g-overview-brochure-en.pdf,Advanced Private 5G,Brochure,Manufacturing
https://www.al-enterprise.com/en/industries/manufacturing,https://www.al-enterprise.com/-/media/assets/internet/documents/connected-manufacturing-factory-of-the-future-brochure-en.pdf,connected-manufacturing-factory-of-the-future-brochure-en.pdf,Connected Manufacturing,Brochure,Manufacturing
https://www.al-enterprise.com/en/industries/manufacturing,https://www.al-enterprise.com/-/media/assets/internet/documents/secure-and-efficient-industrial-iot-deployment-solution-sheet-en.pdf,secure-and-efficient-industrial-iot-deployment-solution-sheet-en.pdf,Industrial IoT deployment,Solution sheet,Manufacturing
https://www.al-enterprise.com/en/industries/manufacturing,https://www.al-enterprise.com/-/media/assets/internet/documents/ruggedized-switches-brochure-en.pdf,ruggedized-switches-brochure-en.pdf,Ruggedized Ethernet Switches,Brochure,Manufacturing
https://www.al-enterprise.com/en/industries/manufacturing,https://www.al-enterprise.com/-/media/assets/internet/documents/industrial-automation-solution-guide-en.pdf,industrial-automation-solution-guide-en.pdf,Industrial Automation Solution Guide,Solution guide,Manufacturing
https://www.al-enterprise.com/en/industries/manufacturing,https://www.al-enterprise.com/-/media/assets/internet/documents/precision-time-protocol-application-note-en.pdf,precision-time-protocol-application-note-en.pdf,Precision Time Protocol,App note,Manufacturing
https://www.al-enterprise.com/en/industries/transportation,https://www.al-enterprise.com/-/media/assets/internet/documents/transportation-communication-solutions-ebook-en.pdf,transportation-communication-solutions-ebook-en.pdf,Transportation comms solutions,eBook,Transportation
https://www.al-enterprise.com/en/industries/transportation,https://www.al-enterprise.com/-/media/assets/internet/documents/ale-transmea-infographic-foldout-hr-en.pdf,ale-transmea-infographic-foldout-hr-en.pdf,Shaping future of transportation,Brochure,Transportation
https://www.al-enterprise.com/en/industries/transportation,https://www.al-enterprise.com/-/media/assets/internet/documents/omniswitch-6865-datasheet-en.pdf,omniswitch-6865-datasheet-en.pdf,OmniSwitch 6865,Datasheet,Transportation
https://www.al-enterprise.com/en/industries/transportation,https://www.al-enterprise.com/-/media/assets/internet/documents/visual-notification-assistant-datasheet-en.pdf,visual-notification-assistant-datasheet-en.pdf,Visual Notification Assistant,Datasheet,Transportation
https://www.al-enterprise.com/en/industries/transportation,https://www.al-enterprise.com/-/media/assets/internet/documents/omniswitch-6465-datasheet-en.pdf,omniswitch-6465-datasheet-en.pdf,OmniSwitch 6465,Datasheet,Transportation
https://www.al-enterprise.com/en/industries/transportation,https://www.al-enterprise.com/-/media/assets/internet/documents/dispatch-console-solution-datasheet-en.pdf,dispatch-console-solution-datasheet-en.pdf,Dispatch Console,Datasheet,Transportation
https://www.al-enterprise.com/en/industries/transportation,https://www.al-enterprise.com/-/media/assets/internet/documents/rainbow-transportation-solution-brief-en.pdf,rainbow-transportation-solution-brief-en.pdf,Rainbow in transportation,Solution brief,Transportation
https://www.al-enterprise.com/en/industries/transportation,https://www.al-enterprise.com/-/media/assets/internet/documents/ale-ff-mag-transport-ports-logistics-infographic-en.pdf,ale-ff-mag-transport-ports-logistics-infographic-en.pdf,Smart Ports infographic,Infographic,Transportation
https://www.al-enterprise.com/en/industries/transportation,https://www.al-enterprise.com/-/media/assets/internet/documents/ale-ff-mag-transport-airports-infographic-en.pdf,ale-ff-mag-transport-airports-infographic-en.pdf,Operational airport journey,Infographic,Transportation
https://www.al-enterprise.com/en/industries/transportation,https://www.al-enterprise.com/-/media/assets/internet/documents/ale-ff-mag-transport-its-infographic-en.pdf,ale-ff-mag-transport-its-infographic-en.pdf,ITS infographic,Infographic,Transportation
https://www.al-enterprise.com/en/industries/transportation,https://www.al-enterprise.com/-/media/assets/internet/documents/ale-ff-mag-transport-railways-infographic-en.pdf,ale-ff-mag-transport-railways-infographic-en.pdf,Safe and secure rail,Infographic,Transportation
https://www.al-enterprise.com/en/industries/transportation,https://www.al-enterprise.com/-/media/assets/internet/documents/ale-transportation-fastforward-ed2-magazine-en.pdf,ale-transportation-fastforward-ed2-magazine-en.pdf,Transportation Fast Forward Magazine,Magazine,Transportation
https://www.al-enterprise.com/en/industries/transportation/air,https://www.al-enterprise.com/-/media/assets/internet/documents/air-transportation-industry-brochure-en.pdf,air-transportation-industry-brochure-en.pdf,Air Transportation Industry,Brochure,Transportation - Smart Airport
https://www.al-enterprise.com/en/industries/transportation/air,https://www.al-enterprise.com/-/media/assets/internet/documents/omnipcx-open-gateway-datasheet-en.pdf,omnipcx-open-gateway-datasheet-en.pdf,OmniPCX Open Gateway,Datasheet,Transportation - Smart Airport
https://www.al-enterprise.com/en/industries/transportation/air,https://www.al-enterprise.com/-/media/assets/internet/documents/digital-age-networking-for-transportation-brochure-en.pdf,digital-age-networking-for-transportation-brochure-en.pdf,DAN for Transportation,Brochure,Transportation - Smart Airport
https://www.al-enterprise.com/en/industries/transportation/its,https://www.al-enterprise.com/-/media/assets/internet/documents/nevada-department-of-transportation-short-case-study-en.pdf,nevada-department-of-transportation-short-case-study-en.pdf,Nevada DOT Case Study,Case study,Transportation - ITS
https://www.al-enterprise.com/en/industries/transportation/ports,https://www.al-enterprise.com/-/media/assets/internet/documents/dac-for-ports-solution-sheet-en.pdf,dac-for-ports-solution-sheet-en.pdf,Transformation to Smarter Ports,Solution sheet,Transportation - Smart Ports
https://www.al-enterprise.com/en/solutions/smb,https://www.al-enterprise.com/-/media/assets/internet/documents/oxo-connect-smb-datasheet-en.pdf,oxo-connect-smb-datasheet-en.pdf,OXO Connect,Datasheet,Small & Medium Business
https://www.al-enterprise.com/en/solutions/smb,https://www.al-enterprise.com/-/media/assets/internet/documents/digital-age-network-smb-flyer-en.pdf,digital-age-network-smb-flyer-en.pdf,DAN for SMBs,Flyer,Small & Medium Business
https://www.al-enterprise.com/en/solutions/smb,https://www.al-enterprise.com/-/media/assets/internet/documents/omnitouch-call-center-office-datasheet-en.pdf,omnitouch-call-center-office-datasheet-en.pdf,OmniTouch Call Center Office,Datasheet,Small & Medium Business
https://www.al-enterprise.com/en/solutions/smb,https://www.al-enterprise.com/-/media/assets/internet/documents/8378-dect-ip-xbs-datasheet-en.pdf,8378-dect-ip-xbs-datasheet-en.pdf,8378 DECT IP-xBS,Datasheet,Small & Medium Business
https://www.al-enterprise.com/en/solutions/smb,https://www.al-enterprise.com/-/media/assets/internet/documents/business-phones-ecatalog-en.pdf,business-phones-ecatalog-en.pdf,Business Phones eCatalog,eCatalog,Small & Medium Business
https://www.al-enterprise.com/en/solutions/smb,https://www.al-enterprise.com/-/media/assets/internet/documents/phones-buyers-guide-en.pdf,phones-buyers-guide-en.pdf,Phone Buyers Guide,Guide,Small & Medium Business
https://www.al-enterprise.com/en/solutions/smb,https://www.al-enterprise.com/-/media/assets/internet/documents/hospitality-for-smb-solution-sheet-en.pdf,hospitality-for-smb-solution-sheet-en.pdf,Hospitality for SMB,Solution sheet,Small & Medium Business
https://www.al-enterprise.com/en/solutions/smb,https://www.al-enterprise.com/-/media/assets/internet/documents/breizelec-long-case-study-en.pdf,breizelec-long-case-study-en.pdf,Breizelec Case Study,Case study,Small & Medium Business
https://www.al-enterprise.com/en/company/about-us,https://www.al-enterprise.com/-/media/assets/internet/documents/ale-corporate-brochure-en.pdf,ale-corporate-brochure-en.pdf,ALE Corporate Brochure,Brochure,Company - About Us
